id;os;online;switchs;payname;jhi_order;messages;creator;createdate;modifier;modifierdate;modifiernum;logicdelete;other
1;Personal Loan Account Refined RAM;true;true;toolset Administrator;Liaison Saint Helena Pound;challenge Agent;systems Keyboard Clothing;Sleek Clothing;Dynamic Fantastic matrix;cutting-edge;29648;true;Botswana application website
2;Internal withdrawal;false;false;Buckinghamshire;FTP Chile Realigned;bypassing;program;Fresh out-of-the-box;ivory Credit Card Account;Home Loan Account bricks-and-clicks;84144;true;parsing Proactive
3;Soft;true;false;open architecture;Handcrafted Wooden Mouse;deposit Assistant Gorgeous Steel Tuna;Vatu Bedfordshire;sticky;Shoes;systems;75924;true;SSL transmit primary
4;Future invoice;true;true;Florida;deploy;Flats AI;Cotton web services;Sleek synergies Practical Soft Chair;Specialist Fresh card;Internal synthesize optical;1800;true;Credit Card Account Kansas Auto Loan Account
5;motivating RSS;false;false;Granite Ergonomic Concrete Bike Small Rubber Shoes;secured line;Incredible Focused;quantify Ergonomic Fresh Salad SCSI;matrices visionary Officer;Awesome Streamlined;4th generation interfaces zero tolerance;78916;true;Norfolk Island Gorgeous Fresh Bike
6;Avon bandwidth;true;true;Vatu;Refined Frozen Towels Beauty North Korean Won;support;Springs Rubber;Corporate initiatives;Web Pike;Pakistan Rupee Progressive Avon;10422;false;online Technician
7;Response;true;false;Analyst motivating optimize;Adaptive vertical Pines;Corporate;holistic;Highway Manors Savings Account;Investment Account holistic;Montana;53700;false;Movies gold Sports
8;encompassing;false;true;Hawaii Berkshire;Unbranded Plastic Shirt;Gorgeous Auto Loan Account Granite;XML Utah;Buckinghamshire;Tasty Cotton Keyboard Response Shirt;mindshare metrics;90761;true;Phased Guyana Dollar secured line
9;Usability calculating Sports;true;false;port;Small Rubber Pizza Fiji Dollar Metal;online withdrawal;Rubber;Saint Kitts and Nevis Senior;Incredible out-of-the-box;bandwidth payment withdrawal;88803;true;Beauty deposit
10;Rubber Pizza Fish;true;false;Global Refined Granite Chips Fresh;Comoro Franc;heuristic Avon;integrate Direct;Hawaii web-enabled transmitter;Refined Cotton Chicken navigating;Bulgarian Lev interactive;30631;true;Minnesota Secured revolutionize
